{
    "pack_name": "港铁资源包",
    "uuid": "8f0dea66-0776-4992-9f71-7408aad8bb2f",

    "routes_EN": [
        "TWL",
        "ISL",
        "KTL",
        "TML",
        "TKL",
        "TKZ",
        "ERL",
        "ERZ",
        "DCL",
        "SIL",
        "DRL",
        "AEL"
    ],
    
    "routes_CN": {
        "荃湾线":"TWL",
        "港岛线":"ISL",
        "观塘线":"KTL",
        "屯马线":"TML",
        "将军澳线（主线）":"TKL",
        "将军澳线（支线）":"TKZ",
        "东铁线（主线）":"ERL",
        "东铁线（支线）":"ERZ",
        "东涌线":"DCL",
        "南港岛线":"SIL",
        "迪士尼线":"DRL",
        "机场快线":"AEL"
    },
    
    "above": {
        "TWL": "开往 荃湾 方向",
        "ISL": "开往 坚尼地城 方向",
        "KTL": "开往 调景岭 方向",
        "TML": "开往 屯门 方向",
        "TKL": "开往 北角 方向",
        "TKZ": "开往 北角 方向",
        "ERL": "开往 金钟 方向",
        "ERZ": "开往 金钟 方向",
        "DCL": "开往 东涌 方向",
        "SIL": "开往 海怡半岛 方向",
        "DRL": "开往 欣澳 方向",
        "AEL": "开往 博览馆 方向"
    },
    
    "below": {
        "TWL": "开往 中环 方向",
        "ISL": "开往 柴湾 方向",
        "KTL": "开往 黄埔 方向",
        "TML": "开往 乌溪沙 方向",
        "TKL": "开往 宝琳 方向",
        "TKZ": "开往 康城 方向",
        "ERL": "开往 罗湖 方向",
        "ERZ": "开往 落马洲 方向",
        "DCL": "开往 香港 方向",
        "SIL": "开往 金钟 方向",
        "DRL": "开往 迪士尼 方向",
        "AEL": "开往 香港 方向"
    },
    
    "time": {
        "TWL":"首班车  06:00\n末班车  01:22",
        "ISL": "首班车  05:55\n末班车  00:35",
        "KTL": "首班车  06:07\n末班车  01:08",
        "TML": "首班车  05:38\n末班车  01:22",
        "TKL": "首班车  05:57\n末班车  01:26",
        "TKZ": "首班车  05:57\n末班车  01:26",
        "ERL": "首班车  05:28\n末班车  01:09",
        "ERZ": "首班车  05:28\n末班车  01:09",
        "DCL": "首班车  05:59\n末班车  01:09",
        "SIL": "首班车  06:00\n末班车  01:14",
        "DRL": "首班车  06:15\n末班车  00:45",
        "AEL": "首班车  05:50\n末班车  01:13"
    },

    "color": {
        "TWL": "rgb(226,35,26)",
        "ISL": "rgb(0,113,206)",
        "KTL": "rgb(0,175,65)",
        "TML": "rgb(154,56,32)",
        "TKL": "rgb(163,94,181)",
        "TKZ": "rgb(163,94,181)",
        "ERL": "rgb(97,180,228)",
        "ERZ": "rgb(97,180,228)",
        "DCL": "rgb(243,139,0)",
        "SIL": "rgb(182,189,0)",
        "DRL": "rgb(231,119,203)",
        "AEL": "rgb(0,112,120)"
    },

    "branch_lines": [
        ["TKL","TKZ"],
        ["ERL","ERZ"]
    ],

    "lines":{

        "Line_TWL": {
            "TsuenWan": [[1],"荃湾","数码服务站：A出口\n饮水机：车站大堂C出口（非付费区）"],
            "TaiWoHau": [[2],"大窝口","数码服务站：B出口"],
            "KwaiHing": [[3],"葵兴","数码服务站：A/D出口"],
            "KwaiFong": [[4],"葵芳","数码服务站：A/D出口\n饮水机：车站大堂C出口（非付费区）"],
            "LaiKing": [[5],"荔景","洗手间：车站大堂（付费区）\n哺乳室：车站大堂（付费区）\n数码服务站：车站大堂\n"],
            "MeiFoo": [[6],"美孚","洗手间：屯马线车站大堂（付费区）\n数码服务站：A出口\n饮水机：B出口（非付费区）"],
            "LaiChiKok": [[7],"荔枝角","数码服务站：A出口"],
            "CheungShaWan": [[8],"长沙湾","数码服务站：C出口"],
            "ShamShuiPo": [[9],"深水埗","数码服务站：C出口"],
            "PrinceEdward": [[10],"太子","洗手间：A出口（付费区）\n数码服务站：车站大堂\n饮水机：A出口（非付费区）"],
            "MongKok": [[11],"旺角","洗手间：A出口（付费区）\n数码服务站：E出口"],
            "YauMaTei": [[12],"油麻地","洗手间：C出口（付费区）\n哺乳室：C出口（付费区）\n数码服务站：D出口"],
            "Jordan": [[13],"佐敦","数码服务站：C出口"],
            "TsimShaTsui_EastTsimShaTsui": [[14],"尖沙咀/尖东","洗手间：尖沙咀站E出口（非付费区） 尖东站车站大堂（付费区）\n哺乳室：尖沙咀站E出口（非付费区）\n数码服务站：尖沙咀站C出口 尖东站车站大堂东侧\n饮水机：尖东站P1出口（非付费区）"],
            "Admiralty": [[15],"金钟","洗手间：车站大堂L1层/L5层/F出口（付费区）\n哺乳室：F出口（付费区）\n数码服务站：D出口\n饮水机：B出口（非付费区）"],
            "Central_HongKong": [[16],"中环/香港","洗手间：中环站车站大堂L2层A出口（付费区） 香港站车站大堂G层E出口/L1层/L2层（非付费区）\n哺乳室：中环站车站大堂L2层A出口（付费区）\n数码服务站：中环站A出口 香港站东涌线车站大堂L3层（F出口旁）"]        
        },

        "Line_ISL": {
            "KennedyTown": [[1],"坚尼地城","洗手间：A出口（非付费区）\n数码服务站：C出口"],
            "HKU": [[2],"香港大学","洗手间：B出口（付费区）\n数码服务站：B出口"],
            "SaiYingPun": [[3],"西营盘","洗手间：B出口（付费区）\n数码服务站：A出口"],
            "SheungWan": [[4],"上环","洗手间：E出口（付费区）\n数码服务站：车站大堂中部"],
            "Central_HongKong": [[5],"中环/香港","洗手间：中环站车站大堂L2层A出口（付费区） 香港站车站大堂G层E出口/L1层/L2层（非付费区）\n哺乳室：中环站车站大堂L2层A出口（付费区）\n数码服务站：中环站A出口 香港站东涌线车站大堂L3层（F出口旁）"],
            "Admiralty": [[6],"金钟","洗手间：车站大堂L1层/L5层/F出口（付费区）\n哺乳室：F出口（付费区）\n数码服务站：D出口\n饮水机：B出口（非付费区）"],
            "WanChai": [[7],"湾仔","数码服务站：车站大堂"],
            "CausewayBay": [[8],"铜锣湾","数码服务站：A出口"],
            "TinHau": [[9],"天后","数码服务站：B出口"],
            "FortressHill": [[10],"炮台山","数码服务站：B出口"],
            "NorthPoint": [[11],"北角","洗手间：B出口（付费区）\n哺乳室：B出口（付费区）\n数码服务站：A出口\n饮水机：B出口（非付费区）"],
            "QuarryBay": [[12],"鲗鱼涌","洗手间：A出口（付费区）\n数码服务站：C出口"],
            "TaiKoo": [[13],"太古","数码服务站：D出口"],
            "SaiWanHo": [[14],"西湾河","数码服务站：A出口"],
            "ShauKeiWan": [[15],"筲箕湾","数码服务站：B出口和C出口附近"],
            "HengFaChuen": [[16],"杏花邨","数码服务站：A出口"],
            "ChaiWan": [[17],"柴湾","数码服务站：车站大堂\n饮水机：D出口（非付费区）"]        
        },

        "Line_KTL": {
            "TiuKengLeng": [[1],"调景岭","洗手间：车站大堂（付费区）\n哺乳室：车站大堂（付费区）\n数码服务站：A出口\n饮水机：B出口（非付费区）"],
            "YauTong": [[2],"油塘","洗手间：车站大堂（付费区）\n哺乳室：车站大堂（付费区）\n数码服务站：车站大堂中部"],
            "LamTin": [[3],"蓝田","数码服务站：B出口"],
            "KwunTong": [[4],"观塘","数码服务站：B出口"],
            "NgauTauKok": [[5],"牛头角","洗手间：车站大堂（付费区）\n数码服务站：A出口"],
            "KowloonBay": [[6],"九龙湾","数码服务站：C出口"],
            "ChoiHung": [[7],"彩虹","数码服务站：C出口\n饮水机：A1出口（非付费区）"],
            "DiamondHill": [[8],"钻石山","洗手间：屯马线车站大堂（付费区）\n哺乳室：屯马线车站大堂（付费区）\n数码服务站：A出口\n饮水机：A2出口（非付费区）"],
            "WongTaiSin": [[9],"黄大仙","数码服务站：E出口"],
            "LokFu": [[10],"乐富","数码服务站：车站大堂"],
            "KowloonTong": [[11],"九龙塘","洗手间：东铁线车站大堂北侧（付费区）\n数码服务站：B出口"],
            "ShekKipMei": [[12],"石硖尾","数码服务站：A出口对面"],
            "PrinceEdward": [[13],"太子","洗手间：A出口（付费区）\n数码服务站：车站大堂\n饮水机：A出口（非付费区）"],
            "MongKok": [[14],"旺角","洗手间：A出口（付费区）\n数码服务站：E出口"],
            "YauMaTei": [[15],"油麻地","洗手间：C出口（付费区）\n哺乳室：C出口（付费区）\n数码服务站：D出口"],
            "HoManTin": [[16],"何文田","洗手间：B出口（付费区）\n数码服务站：A出口\n饮水机：A出口（非付费区）"],
            "Whampoa": [[17],"黄埔","洗手间：D出口（付费区）\n数码服务站：B/C出口"]
        },

        "Line_TML": {
            "TuenMun": [[1],"屯门","洗手间：F出口（付费区）\n数码服务站：C出口"],
            "SiuHong": [[2],"兆康","洗手间：A出口（付费区）\n数码服务站：E出口"],
            "TinShuiWai": [[3],"天水围","洗手间：C出口（付费区）\n数码服务站：D出口\n饮水机：E3出口（非付费区）"],
            "LongPing": [[4],"朗屏","洗手间：车站大堂（付费区）\n数码服务站：B出口"],
            "YuenLong": [[5],"元朗","洗手间：车站大堂（付费区）\n数码服务站：F出口"],
            "KamSheungRoad": [[6],"锦上路","洗手间：车站大堂（付费区）\n数码服务站：A出口"],
            "TsuenWanWest": [[7],"荃湾西","洗手间：车站大堂（付费区）\n数码服务站：E出口"],
            "MeiFoo": [[8],"美孚","洗手间：屯马线车站大堂（付费区）\n数码服务站：A出口\n饮水机：B出口（非付费区）"],
            "NamCheong": [[9],"南昌","洗手间：A出口（付费区）\n数码服务站：A出口\n饮水机：A出口（非付费区）"],
            "Austin": [[10],"柯士甸","洗手间：C出口（付费区）\n数码服务站：A出口\n饮水机：C出口（非付费区）"],
            "TsimShaTsui_EastTsimShaTsui": [[11],"尖沙咀/尖东","洗手间：尖沙咀站E出口（非付费区） 尖东站车站大堂（付费区）\n哺乳室：尖沙咀站E出口（非付费区）\n数码服务站：尖沙咀站C出口 尖东站车站大堂东侧\n饮水机：尖东站P1出口（非付费区）"],
            "HungHom": [[12],"红磡","洗手间：车站大堂U2层/U3层（非付费区）和屯马线站台\n数码服务站：C出口"],
            "HoManTin": [[13],"何文田","洗手间：B出口（付费区）\n数码服务站：A出口\n饮水机：A出口（非付费区）"],
            "ToKwaWan": [[14],"土瓜湾","洗手间：B出口（付费区）\n哺乳室：B出口（付费区）\n数码服务站：车站大堂中部\n饮水机：A出口（非付费区）"],
            "SungWongToi": [[15],"宋皇台","洗手间：D出口（付费区）\n哺乳室：D出口（付费区）\n数码服务站：A出口\n饮水机：A出口（非付费区）"],
            "KaiTak": [[16],"启德","洗手间：C出口（付费区）\n哺乳室：C出口（付费区）\n数码服务站：D出口\n饮水机：A出口（非付费区）"],
            "DiamondHill": [[17],"钻石山","洗手间：屯马线车站大堂（付费区）\n哺乳室：屯马线车站大堂（付费区）\n数码服务站：A出口\n饮水机：A2出口（非付费区）"],
            "HinKeng": [[18],"显径","洗手间：车站大堂（付费区）\n哺乳室：车站大堂（付费区）\n数码服务站：A出口"],
            "TaiWai": [[19],"大围","洗手间：B出口（付费区）\n数码服务站：A出口\nC出口（非付费区）"],
            "CheKungTemple": [[20],"车公庙","洗手间：车站大堂（付费区）\n数码服务站：C出口"],
            "ShaTinWai": [[21],"沙田围","洗手间：车站大堂（付费区）\n数码服务站：A出口"],
            "CityOne": [[22],"第一城","洗手间：车站大堂（付费区）\n数码服务站：C/D出口"],
            "ShekMun": [[23],"石门","洗手间：车站大堂（付费区）"],
            "TaiShuiHang": [[24],"大水坑","洗手间：车站大堂（付费区）\n数码服务站：车站控制室旁\n饮水机：A出口（非付费区）"],
            "HengOn": [[25],"恒安","洗手间：车站大堂（付费区）\n数码服务站：C出口"],
            "MaOnShan": [[26],"马鞍山","洗手间：车站大堂（付费区）\n数码服务站：B出口"],
            "WuKaiSha": [[27],"乌溪沙","洗手间：车站大堂（付费区）\n数码服务站：A出口"]
        },

        "Line_TKL": {
            "NorthPoint": [[1],"北角","洗手间：B出口（付费区）\n哺乳室：B出口（付费区）\n数码服务站：A出口\n饮水机：B出口（非付费区）"],
            "QuarryBay": [[2],"鲗鱼涌","洗手间：A出口（付费区）\n数码服务站：C出口"],
            "YauTong": [[3],"油塘","洗手间：车站大堂（付费区）\n哺乳室：车站大堂（付费区）\n数码服务站：车站大堂中部"],
            "TiuKengLeng": [[4],"调景岭","洗手间：车站大堂（付费区）\n哺乳室：车站大堂（付费区）\n数码服务站：A出口\n饮水机：B出口（非付费区）"],
            "TseungKwanO": [[5],"将军澳","数码服务站：B2出口"],
            "HangHau": [[6],"坑口","数码服务站：B出口\n饮水机：A出口（非付费区）"],
            "PoLam": [[7],"宝琳","数码服务站：B出口"]
        },

        "Line_TKZ": {
            "NorthPoint": [[1],"北角","洗手间：B出口（付费区）\n哺乳室：B出口（付费区）\n数码服务站：A出口\n饮水机：B出口（非付费区）"],
            "QuarryBay": [[2],"鲗鱼涌","洗手间：A出口（付费区）\n数码服务站：C出口"],
            "YauTong": [[3],"油塘","洗手间：车站大堂（付费区）\n哺乳室：车站大堂（付费区）\n数码服务站：车站大堂中部"],
            "TiuKengLeng": [[4],"调景岭","洗手间：车站大堂（付费区）\n哺乳室：车站大堂（付费区）\n数码服务站：A出口\n饮水机：B出口（非付费区）"],
            "TseungKwanO": [[5],"将军澳","数码服务站：B2出口"],
            "LOHAS1o1Park": [[6],"康城","数码服务站：C出口"]
        },

        "Line_ERL": {
            "Admiralty": [[1],"金钟","洗手间：车站大堂L1层/L5层/F出口（付费区）\n哺乳室：F出口（付费区）\n数码服务站：D出口\n饮水机：B出口（非付费区）"],
            "ExhibitionCentre": [[2],"会展","洗手间：B出口（付费区）\n哺乳室：B出口（付费区）\n数码服务站：A出口\n饮水机：A出口（非付费区）"],
            "HungHom": [[3],"红磡","洗手间：车站大堂U2层/U3层（非付费区）和屯马线站台\n数码服务站：C出口"],
            "MongKokEast": [[4],"旺角东","洗手间：C出口（付费区）\n数码服务站：D出口"],
            "KowloonTong": [[5],"九龙塘","洗手间：东铁线车站大堂北侧（付费区）\n数码服务站：B出口"],
            "TaiWai": [[6],"大围","洗手间：B出口（付费区）\n数码服务站：A出口\nC出口（非付费区）"],
            "ShaTin": [[7],"沙田","洗手间：车站大堂（付费区）\n数码服务站：A出口"],
            "FoTan": [[8],"火炭","洗手间：A出口（付费区）\n数码服务站：A出口"],
            "University": [[9],"大学","洗手间：B出口（付费区）\n数码服务站：B出口"],
            "TaiPoMarket": [[10],"大埔墟","洗手间：A出口（付费区）\n数码服务站：B出口\n饮水机：B出口（非付费区）"],
            "TaiWo": [[11],"太和","洗手间：A出口（付费区）\n数码服务站：A出口"],
            "Fanling": [[12],"粉岭","洗手间：车站大堂（付费区）\n数码服务站：车站大堂"],
            "SheungShui": [[13],"上水","洗手间：车站大堂（付费区）\n数码服务站：B出口"],
            "LoWu": [[14],"罗湖","洗手间：站台（付费区）和抵港大堂层（非付费区）\n数码服务站：入境大堂（2楼）和出境大堂（地下）"]
        },

        "Line_ERZ": {
            "Admiralty": [[1],"金钟","洗手间：车站大堂L1层/L5层/F出口（付费区）\n哺乳室：F出口（付费区）\n数码服务站：D出口\n饮水机：B出口（非付费区）"],
            "ExhibitionCentre": [[2],"会展","洗手间：B出口（付费区）\n哺乳室：B出口（付费区）\n数码服务站：A出口\n饮水机：A出口（非付费区）"],
            "HungHom": [[3],"红磡","洗手间：车站大堂U2层/U3层（非付费区）和屯马线站台\n数码服务站：C出口"],
            "MongKokEast": [[4],"旺角东","洗手间：C出口（付费区）\n数码服务站：D出口"],
            "KowloonTong": [[5],"九龙塘","洗手间：东铁线车站大堂北侧（付费区）\n数码服务站：B出口"],
            "TaiWai": [[6],"大围","洗手间：B出口（付费区）\n数码服务站：A出口\nC出口（非付费区）"],
            "ShaTin": [[7],"沙田","洗手间：车站大堂（付费区）\n数码服务站：A出口"],
            "FoTan": [[8],"火炭","洗手间：A出口（付费区）\n数码服务站：A出口"],
            "University": [[9],"大学","洗手间：B出口（付费区）\n数码服务站：B出口"],
            "TaiPoMarket": [[10],"大埔墟","洗手间：A出口（付费区）\n数码服务站：B出口\n饮水机：B出口（非付费区）"],
            "TaiWo": [[11],"太和","洗手间：A出口（付费区）\n数码服务站：A出口"],
            "Fanling": [[12],"粉岭","洗手间：车站大堂（付费区）\n数码服务站：车站大堂"],
            "SheungShui": [[13],"上水","洗手间：车站大堂（付费区）\n数码服务站：B出口"],
            "LokMaChau": [[14],"落马洲","洗手间：抵港大堂层（非付费区）和离港大堂层（付费区）\n数码服务站：到境大堂（2楼）和票务大堂（3楼）"]
        },

        "Line_DCL": {
            "TungChung": [[1],"东涌","数码服务站：A出口和B出口附近\n饮水机：D出口（非付费区）"],
            "SunnyBay": [[2],"欣澳","洗手间：迪士尼线迪士尼方向3号站台"],
            "TsingYi": [[3],"青衣","洗手间：车站大堂U2层和U4层（非付费区）\n数码服务站：车站大堂\n饮水机：C出口（非付费区）"],
            "LaiKing": [[4],"荔景","洗手间：车站大堂（付费区）\n哺乳室：车站大堂（付费区）\n数码服务站：车站大堂\n"],
            "NamCheong": [[5],"南昌","洗手间：A出口（付费区）\n数码服务站：A出口\n饮水机：A出口（非付费区）"],
            "Olympic": [[6],"奥运","数码服务站：C出口和D出口附近"],
            "Kowloon": [[7],"九龙","洗手间：车站大堂G层B出口和L2层（非付费区）\n数码服务站：车站大堂"],
            "Central_HongKong": [[8],"中环/香港","洗手间：中环站车站大堂L2层A出口（付费区） 香港站车站大堂G层E出口/L1层/L2层（非付费区）\n哺乳室：中环站车站大堂L2层A出口（付费区）\n数码服务站：中环站A出口 香港站东涌线车站大堂L3层（F出口旁）"]
        },

        "Line_SIL": {
            "SouthHorizons": [[1],"海怡半岛","洗手间：车站大堂（付费区）\n数码服务站：C出口\n饮水机：B出口（非付费区）"],
            "LeiTung": [[2],"利东","洗手间：车站大堂（付费区）\n数码服务站：A出口"],
            "WongChukHang": [[3],"黄竹坑","洗手间：车站大堂（付费区）\n数码服务站：A出口"],
            "OceanPark": [[4],"海洋公园","洗手间：车站大堂（付费区）\n数码服务站：B出口"],
            "Admiralty": [[5],"金钟","洗手间：车站大堂L1层/L5层/F出口（付费区）\n哺乳室：F出口（付费区）\n数码服务站：D出口\n饮水机：B出口（非付费区）"]
        },

        "Line_DRL": {
            "SunnyBay": [[1],"欣澳","洗手间：迪士尼线迪士尼方向3号站台"],
            "DisneylandResort": [[2],"迪士尼","洗手间：迪士尼线欣澳方向1号站台"]
        },

        "Line_AEL": {
            "AsiaWorldExpo": [[1],"博览馆","数码服务站：A出口"],
            "Airport": [[2],"机场","数码服务站：L5层入境站台"],
            "TsingYi": [[3],"青衣","洗手间：车站大堂U2层和U4层（非付费区）\n数码服务站：车站大堂\n饮水机：C出口（非付费区）"],
            "Kowloon": [[4],"九龙","洗手间：车站大堂G层B出口和L2层（非付费区）\n数码服务站：车站大堂"],
            "Central_HongKong": [[5],"中环/香港","洗手间：中环站车站大堂L2层A出口（付费区） 香港站车站大堂G层E出口/L1层/L2层（非付费区）\n哺乳室：中环站车站大堂L2层A出口（付费区）\n数码服务站：中环站A出口 香港站东涌线车站大堂L3层（F出口旁）"]
        }
    }
}