{
    "pack_name": "峦山公交资源包",
    "uuid": "5b24abce-b3b0-4aa9-8d32-335b0a0356b7",

    "routes_EN": [
        "JU",
        "UC",
        "N145",
        "B1",
        "1001"
    ],
    
    "routes_CN": {
        "技术师范校园巴士":"JU",
        "大学城通勤专线":"UC",
        "夜145路":"N145",
        "快速公交B1路":"B1",
        "1001路":"1001"
    },
    
    "above": {
        "JU": "12、13号学生公寓方向 站台",
        "UC": "大学城公交站方向 站台",
        "N145": "石马公交站方向 站台",
        "B1": "峦山站公交站方向 站台",
        "1001":"瑞澜路衡阳路口方向 站台"
    },
    
    "below": {
        "JU": "8号学生公寓方向 站台",
        "UC": "中心公园方向 站台",
        "N145": "四季青公交站方向 站台",
        "B1": "青山公交站方向 站台",
        "1001": "芳甸路物华路口方向 站台"
    },
    
    "time": {
        "JU":"首班车  06:00\n末班车  22:50",
        "UC":"首班车  大学城方向05:45 市区方向17:10\n末班车  大学城方向07:50 市区方向21:55",
        "N145":"首班车  上行22:30 下行22:30\n末班车  上行05:20 下行05:25",
        "B1":"首班车  06:00\n末班车  23:00",
        "1001":"首班车  06:00\n末班车  23:00"
    },

    "color": {
        "JU":"rgb(102,184,156)",
        "UC":"rgb(102,184,156)",
        "N145":"rgb(102,184,156)",
        "B1":"rgb(102,184,156)",
        "1001":"rgb(102,184,156)"
    },

    "branch_lines": [

    ],

    "direct_lines":[
        ["None", "开往 None 方向"]
    ],

    "lines":{

        "Line_JU": {
            "StudentApartmentsNo1d11o1121o1And1o113": [[1],"12、13号学生公寓","暂无"],
            "EngineeringTrainingCenter": [[2],"工程实训中心","暂无"],
            "SecondCanteen1te1YifuBuilding": [[3],"第二食堂1tc1逸夫楼","暂无"],
            "Library": [[4],"图书馆","暂无"],
            "FirstCanteen1te1AutomationBuilding": [[5],"第一食堂1tc1自动化楼","暂无"],
            "OfficeBuilding": [[6],"办公楼","暂无"],
            "SchoolBuildingNo1d111c11o121o1And1o13": [[7],"教学楼","暂无"],
            "FourthCanteen1te1SkillsTrainingCenter": [[8],"第四食堂1tc1技能实训中心","暂无"],
            "FifthCanteen1te1Stadium": [[9],"第五食堂1tc1体育场","暂无"],
            "Gym": [[10],"体育馆","暂无"],
            "StudentActivityCenter": [[11],"大学生活动中心","暂无"],
            "StudentApartmentsNo1d11o17": [[12],"7号学生公寓","暂无"],
            "StudentApartmentsNo1d11o18": [[13],"8号学生公寓","暂无"]
        },
        "Line_UC": {
            "UniversityTownBusStation": [[1],"大学城公交站","暂无"],
            "IntersectionOfZhenningRoadAndHuxinRoad": [[2],"真宁路户新路口","暂无"],
            "LuanshanUniversity": [[3],"峦山大学正门","暂无"],
            "LuanshanUniversityWestGate": [[4],"峦山大学西门","暂无"],
            "ArtAcademy": [[5],"美术学院","暂无"],
            "IntersectionOfWenxinRoadAndNanlinNorthRoad": [[6],"文新路南邻路口","暂无"],
            "Conservatory":[[7],"音乐学院","暂无"],
            "MainCampusOfPolytechnicUniversity": [[8],"理工大学主校区","暂无"],
            "IntersectionOfYinghuiRoadAndChangfengRoad": [[9],"迎辉路长锋路","暂无"],
            "GexinqiaoBridge": [[10],"革新桥","暂无"],
            "Dongpingyuan": [[11],"东平园","暂无"],
            "IntersectionOfTaoyuanRoadAndChunxiRoad": [[12],"桃园路春熙道口","暂无"],
            "ShiliqiaoBridge": [[13],"十里桥","暂无"],
            "AnqiuRoad": [[14],"安丘路","暂无"],
            "CentralPark": [[15],"中心公园","暂无"]
        },
        "Line_N145": {
            "ShimaBusStation": [[1],"石马公交站","暂无"],
            "LiulinqiaoBridge": [[2],"柳林桥","暂无"],
            "WaterPark": [[3],"水上公园","暂无"],
            "WaterParkEastGate": [[4],"水上公园东门","暂无"],
            "GuangmingqiaoBridge": [[5],"光明桥","暂无"],
            "IntersectionOfGuangmingRoadAndTongdaRoad": [[6],"光明路通达路口","暂无"],
            "TheFrontPartOfTheSecondSalesOffice": [[7],"二营业所前","暂无"],
            "IntersectionOfFangdianRoadAndXinheRoad": [[8],"芳甸路新河路口","暂无"],
            "IntersectionOfXinfengRoadAndDekangRoad": [[9],"新丰路德康路口","暂无"],
            "IntersectionOfLanfangRoadAndRuiyangRoad": [[10],"兰芳路瑞阳路口","暂无"],
            "RenminSquare": [[11],"人民广场","暂无"],
            "RenminSquareEast": [[12],"人民广场东","暂无"],
            "ShiliqiaoBridge": [[13],"十里桥","暂无"],
            "AnqiuRoad": [[14],"安丘路","暂无"],
            "CentralParkWest": [[15],"中心公园西","暂无"],
            "Museum": [[16],"市博物馆","暂无"],
            "RenheStreet": [[17],"人和街","暂无"],
            "SijiqingStreetServiceCenter": [[18],"四季青街道服务中心","暂无"],
            "SijiqingNorth": [[19],"四季青北","暂无"],
            "SijiqingBusStation": [[20],"四季青公交站","暂无"]
        },
        "Line_B1": {
            "BusStationOfLuanshanRailwayStation": [[1],"峦山站公交站","暂无"],
            "HepingRoadMetroStation": [[2],"和平路地铁站","暂无"],
            "Mingchunyuan": [[3],"明春苑","暂无"],
            "ThirdHospital": [[4],"第三医院","暂无"],
            "DongPingRoad": [[5],"东平路","暂无"],
            "HaiyuehuLake": [[6],"海月湖","暂无"],
            "GuangnanStreet": [[7],"广南街","暂无"],
            "IntersectionOfBaoyuanRoadAndFenglongRoad": [[8],"宝源路丰隆路口","暂无"],
            "IntersectionOfBaoyuanRoadAndFengqingRoad": [[9],"宝源路丰庆路口","暂无"],
            "IntersectionOfBaoyuanRoadAndTaixiangRoad": [[10],"宝源路泰祥路口","暂无"],
            "IntersectionOfBaoyuanRoadAndTaihongRoad": [[11],"宝源路泰鸿路口","暂无"],
            "XinyunRoad1n1": [[12],"新运路","暂无"],
            "XinyunRoad1n11n1": [[13],"新韵路","暂无"],
            "CityExhibitionHall": [[14],"城市展览馆","暂无"],
            "LuanshanSecondMiddleSchool": [[15],"峦山二中","暂无"],
            "Shipailou": [[16],"石牌楼","暂无"],
            "JinjuRoad": [[17],"金聚路","暂无"],
            "GangweiMiddleSchool": [[18],"港尾中学","暂无"],
            "IntersectionOfWeilingRoadAndWeixinRoad": [[19],"卫零路卫新路口","暂无"],
            "GangweiStreetServiceCenter": [[20],"港尾街道办事处","暂无"],
            "IntersectionOfWeilingRoadAndShanlongStreet": [[21],"卫零路山龙街口","暂无"],
            "IntersectionOfWeilingRoadAndLongshanRoad": [[22],"卫零路龙山路口","暂无"],
            "LongshanRoad": [[23],"龙山路","暂无"],
            "Tianhe": [[24],"天和","暂无"],
            "YueliangwanCommunity": [[25],"月亮湾小区","暂无"],
            "QianshanRoad": [[26],"潜山路","暂无"],
            "QingshanRoad": [[27],"青山公交站","暂无"]
        },
        "Line_1001": {
            "IntersectionOfRuilanRoadAndHengyangRoad": [[1],"瑞澜路衡阳路口","暂无"],
            "IntersectionOfJinyuRoadAndMeiyuanRoad": [[2],"金玉路梅园路口","暂无"],
            "IntersectionOfJinyuRoadAndYonghangRoad": [[3],"金玉路永航路口","暂无"],
            "LidaMiddleSchool": [[4],"立达中学","暂无"],
            "IntersectionOfQingnianRoadAndJingNanRoad": [[5],"青年路敬南路口","暂无"],
            "IntersectionOfHuayuanRoadAndShiqiaoRoad": [[6],"花园路石桥路口","暂无"],
            "IntersectionOfHuayuanRoadAndJinchengRoad": [[7],"花园路进程路口","暂无"],
            "IntersectionOfYinshanRoadAndJinkouRoad": [[8],"银山路金口路口","暂无"],
            "IntersectionOfShangchengRoadAndTaolinRoad": [[9],"商城路桃林路口","暂无"],
            "IntersectionOfShangchengRoadAndMinshengRoad": [[10],"商城路民生路口","暂无"],
            "IntersectionOfShangchengRoadAndYuanshenRoad": [[11],"商城路源深路口","暂无"],
            "IntersectionOfShangchengRoadAndFushanRoad": [[12],"商城路福山路口","暂无"],
            "IntersectionOfFangdianRoadAndMeihuaRoad": [[13],"芳甸路美华路口","暂无"],
            "IntersectionOfFangdianRoadAndWuhuaRoad": [[14],"芳甸路物华路口","暂无"]
        }
    }
}